customerID,gender,SeniorCitizen,tenure,PhoneService,InternetService,MonthlyCharges,TotalCharges,Churn
CUST00001,Female,1,67,No,DSL,63.42,3982.22,No
CUST00002,Female,0,71,No,Fiber optic,35.21,2475.32,No
CUST00003,Female,1,35,No,No,90.95,3476.06,No
CUST00004,Male,0,30,Yes,DSL,29.31,944.65,No
CUST00005,Female,1,3,Yes,Fiber optic,63.36,208.75,No
CUST00006,Female,0,12,Yes,Fiber optic,82.09,896.26,No
CUST00007,Female,0,44,Yes,DSL,63.37,2505.76,No
CUST00008,Female,1,16,No,DSL,37.61,639.28,Yes
CUST00009,Male,0,5,No,Fiber optic,77.51,370.48,Yes
CUST00010,Male,0,28,No,No,27.37,626.95,No
CUST00011,Male,0,46,No,Fiber optic,66.39,3395.31,Yes
CUST00012,Male,0,39,Yes,Fiber optic,54.59,1974.57,No
CUST00013,Male,0,39,Yes,DSL,42.61,1466.11,No
CUST00014,Male,0,10,No,DSL,62.95,531.77,No
CUST00015,Male,0,8,Yes,DSL,72.2,600.23,No
CUST00016,Male,0,1,Yes,Fiber optic,103.47,95.91,No
CUST00017,Female,0,65,No,Fiber optic,72.16,4521.54,No
CUST00018,Female,0,18,Yes,Fiber optic,24.74,556.89,Yes
CUST00019,Female,0,6,No,DSL,75.02,460.18,Yes
CUST00020,Female,1,22,No,No,75.05,1710.53,No
CUST00021,Male,0,44,No,DSL,22.37,595.88,No
CUST00022,Female,0,12,No,Fiber optic,35.53,321.06,No
CUST00023,Male,0,63,Yes,No,49.93,,No
CUST00024,Female,0,8,Yes,DSL,96.77,,Yes
CUST00025,Female,0,5,Yes,No,82.39,425.05,No
CUST00026,Male,0,60,No,DSL,91.27,5765.29,No
CUST00027,Female,1,59,No,DSL,92.1,5695.19,No
CUST00028,Male,0,30,No,DSL,36.26,1129.98,No
CUST00029,Female,1,67,Yes,Fiber optic,79.84,4717.48,Yes
CUST00030,Female,0,4,No,DSL,96.49,378.19,No
CUST00031,Female,0,59,No,DSL,95.42,5907.27,No
CUST00032,Male,1,5,Yes,Fiber optic,91.51,501.41,No
CUST00033,Female,0,52,No,No,63.73,,No
CUST00034,Male,0,31,No,DSL,66.71,1935.96,No
CUST00035,Male,0,14,No,DSL,39.13,654.43,No
CUST00036,Male,1,5,No,No,95.08,477.37,Yes
CUST00037,Male,0,38,Yes,Fiber optic,66.26,2590.29,Yes
CUST00038,Male,0,7,Yes,Fiber optic,92.43,607.99,Yes
CUST00039,Male,0,26,Yes,DSL,80.52,2311.34,No
CUST00040,Female,0,72,Yes,DSL,69.47,4595.04,No
CUST00041,Male,0,10,No,DSL,63.73,672.84,No
CUST00042,Female,1,48,Yes,Fiber optic,58.95,2966.77,No
CUST00043,Female,0,63,No,DSL,50.95,2904.69,No
CUST00044,Female,1,11,Yes,DSL,107.21,1150.55,Yes
CUST00045,Female,0,53,No,DSL,23.65,1746.71,No
CUST00046,Female,0,1,Yes,DSL,105.2,102.54,Yes
CUST00047,Female,0,4,No,Fiber optic,106.42,438.9,Yes
CUST00048,Female,0,27,Yes,DSL,20.63,750.79,No
CUST00049,Female,1,9,No,DSL,66.56,625.4,No
CUST00050,Female,0,43,Yes,Fiber optic,34.86,1332.03,Yes
CUST00051,Female,0,55,No,DSL,88.28,5043.31,No
CUST00052,Male,1,11,No,Fiber optic,88.65,936.06,No
CUST00053,Female,0,14,No,DSL,92.57,1387.23,No
CUST00054,Male,0,3,Yes,Fiber optic,96.13,273.7,Yes
CUST00055,Male,0,16,No,Fiber optic,52.81,1000.33,Yes
CUST00056,Female,0,44,Yes,DSL,33.42,1231.77,No
CUST00057,Male,0,67,No,No,62.31,3579.58,No
CUST00058,Male,0,6,Yes,No,99.92,550.35,Yes
CUST00059,Female,1,57,Yes,DSL,32.32,1998.2,No
CUST00060,Male,0,2,Yes,Fiber optic,91.13,192.87,Yes
CUST00061,Male,1,3,No,Fiber optic,86.0,282.41,No
CUST00062,Male,0,39,Yes,No,41.69,1961.22,No
CUST00063,Male,0,2,Yes,DSL,70.18,124.3,Yes
CUST00064,Male,0,15,Yes,Fiber optic,37.1,699.03,No
CUST00065,Female,0,3,No,No,108.54,306.3,Yes
CUST00066,Female,0,32,Yes,No,61.23,2061.69,No
CUST00067,Male,0,0,Yes,Fiber optic,103.26,,No
CUST00068,Male,0,56,No,DSL,65.58,4138.34,No
CUST00069,Female,0,7,Yes,DSL,88.67,653.31,No
CUST00070,Male,0,36,No,DSL,33.12,1052.87,No
CUST00071,Female,0,4,No,Fiber optic,93.63,384.35,Yes
CUST00072,Female,0,67,Yes,Fiber optic,37.36,2229.22,No
CUST00073,Male,0,12,Yes,No,98.49,1192.53,No
CUST00074,Male,0,9,Yes,No,101.45,869.89,No
CUST00075,Female,0,10,No,DSL,83.07,850.51,Yes
CUST00076,Male,0,6,Yes,DSL,100.64,589.37,No
CUST00077,Female,0,5,No,DSL,74.57,351.67,No
CUST00078,Male,0,11,Yes,DSL,92.42,1099.06,No
CUST00079,Male,0,14,Yes,DSL,39.14,660.13,No
CUST00080,Male,0,11,No,Fiber optic,101.07,1083.64,Yes
CUST00081,Male,0,36,Yes,DSL,99.05,,No
CUST00082,Male,1,52,No,Fiber optic,27.51,1049.03,No
CUST00083,Male,1,53,Yes,Fiber optic,46.28,2500.93,Yes
CUST00084,Male,0,27,No,Fiber optic,52.09,1240.59,No
CUST00085,Male,0,26,Yes,Fiber optic,44.77,1252.82,Yes
CUST00086,Male,0,5,Yes,DSL,88.45,462.22,Yes
CUST00087,Female,0,26,No,Fiber optic,63.54,1629.06,Yes
CUST00088,Female,0,18,No,DSL,23.74,579.16,No
CUST00089,Female,0,61,No,Fiber optic,89.07,4901.73,No
CUST00090,Female,0,53,No,DSL,60.36,2777.72,No
CUST00091,Male,0,8,No,DSL,94.07,678.46,No
CUST00092,Male,0,33,No,DSL,73.94,2456.92,No
CUST00093,Male,0,3,Yes,DSL,84.72,,Yes
CUST00094,Female,1,59,Yes,Fiber optic,43.26,3047.58,No
CUST00095,Female,0,13,Yes,Fiber optic,43.0,445.44,No
CUST00096,Male,0,8,Yes,DSL,73.03,658.82,Yes
CUST00097,Male,1,15,Yes,Fiber optic,69.95,1184.75,No
CUST00098,Male,0,11,No,DSL,96.22,1071.78,Yes
CUST00099,Male,0,0,No,DSL,101.66,,Yes
CUST00100,Female,0,24,No,Fiber optic,57.24,1335.45,Yes
CUST00101,Male,1,19,No,DSL,98.53,2021.52,Yes
CUST00102,Male,0,70,No,DSL,45.67,,No
CUST00103,Female,1,37,No,Fiber optic,61.79,2232.35,Yes
CUST00104,Male,0,0,Yes,DSL,81.22,,No
CUST00105,Female,0,15,No,Fiber optic,97.83,1437.71,Yes
CUST00106,Female,0,15,No,DSL,98.19,1517.65,No
CUST00107,Female,0,43,Yes,DSL,48.04,2254.47,No
CUST00108,Female,0,4,Yes,DSL,96.95,371.63,Yes
CUST00109,Female,0,21,Yes,DSL,85.31,1628.98,No
CUST00110,Female,0,0,No,Fiber optic,84.78,,Yes
CUST00111,Female,0,6,Yes,DSL,108.13,588.82,No
CUST00112,Female,1,5,Yes,Fiber optic,106.83,564.24,Yes
CUST00113,Male,0,2,Yes,DSL,104.49,220.28,Yes
CUST00114,Male,0,38,No,DSL,54.91,2037.08,No
CUST00115,Female,1,51,No,No,91.4,4613.04,No
CUST00116,Male,0,52,No,DSL,39.85,2418.35,No
CUST00117,Male,0,2,Yes,DSL,74.05,154.84,Yes
CUST00118,Female,0,58,Yes,Fiber optic,51.74,3238.43,Yes
CUST00119,Female,0,65,No,DSL,28.01,1801.64,No
CUST00120,Male,0,45,Yes,DSL,34.29,1898.39,No
CUST00121,Female,0,46,Yes,Fiber optic,31.06,1296.2,No
CUST00122,Male,0,44,No,DSL,57.64,2826.66,No
CUST00123,Male,0,51,Yes,No,40.46,1877.33,No
CUST00124,Female,0,21,Yes,Fiber optic,81.97,1819.54,No
CUST00125,Male,0,12,No,Fiber optic,97.3,1101.07,No
CUST00126,Male,0,14,No,DSL,28.52,466.85,No
CUST00127,Male,0,3,Yes,Fiber optic,108.76,349.71,Yes
CUST00128,Male,0,40,No,DSL,39.74,1271.78,No
CUST00129,Male,0,22,Yes,DSL,36.29,715.38,No
CUST00130,Male,1,52,Yes,DSL,56.45,3333.59,No
CUST00131,Female,1,65,No,Fiber optic,21.84,1369.32,No
CUST00132,Male,1,54,No,DSL,40.56,2233.72,Yes
CUST00133,Female,1,42,Yes,No,63.95,2741.52,Yes
CUST00134,Male,0,9,Yes,DSL,93.79,888.6,Yes
CUST00135,Male,0,65,No,DSL,55.26,3287.85,No
CUST00136,Female,0,70,No,Fiber optic,70.84,5484.37,Yes
CUST00137,Female,0,55,No,DSL,61.85,3194.6,No
CUST00138,Male,1,64,No,Fiber optic,27.92,1798.14,No
CUST00139,Female,1,12,No,Fiber optic,99.85,1160.4,No
CUST00140,Male,0,12,No,DSL,57.04,791.72,No
CUST00141,Female,0,3,No,DSL,72.72,246.68,Yes
CUST00142,Male,0,2,No,DSL,84.4,160.3,No
CUST00143,Female,0,39,Yes,Fiber optic,30.84,1046.73,Yes
CUST00144,Male,0,32,No,DSL,46.47,1229.73,No
CUST00145,Male,1,44,No,Fiber optic,37.9,1312.35,Yes
CUST00146,Male,0,63,No,DSL,86.31,5434.6,No
CUST00147,Female,0,35,Yes,Fiber optic,40.01,1497.52,No
CUST00148,Female,0,63,No,DSL,45.89,2699.11,No
CUST00149,Female,0,18,Yes,Fiber optic,90.93,1635.8,Yes
CUST00150,Female,0,8,No,DSL,62.99,443.4,No
CUST00151,Female,0,26,No,Fiber optic,95.37,2735.55,No
CUST00152,Male,1,42,Yes,No,42.19,1704.12,No
CUST00153,Female,0,22,Yes,Fiber optic,28.34,589.48,No
CUST00154,Female,0,10,Yes,DSL,99.34,962.01,No
CUST00155,Male,0,55,Yes,No,45.19,2332.25,No
CUST00156,Male,0,16,Yes,DSL,62.09,850.67,No
CUST00157,Female,0,4,No,Fiber optic,89.03,376.69,No
CUST00158,Female,1,69,Yes,No,65.07,3886.37,Yes
CUST00159,Female,0,46,No,DSL,35.41,1463.52,No
CUST00160,Female,0,8,Yes,DSL,75.74,647.67,Yes
CUST00161,Female,0,50,No,DSL,44.67,1993.21,No
CUST00162,Male,0,12,Yes,DSL,40.42,498.61,No
CUST00163,Female,0,39,No,DSL,20.79,572.59,No
CUST00164,Male,0,22,No,No,80.54,1657.56,No
CUST00165,Male,0,14,No,DSL,47.37,799.55,No
CUST00166,Female,0,7,No,DSL,94.59,669.55,Yes
CUST00167,Female,1,4,Yes,DSL,109.26,420.99,No
CUST00168,Male,1,70,No,DSL,93.78,7011.62,No
CUST00169,Female,0,67,No,Fiber optic,61.79,4163.73,No
CUST00170,Male,0,12,Yes,No,51.48,553.15,No
CUST00171,Male,0,49,Yes,Fiber optic,84.46,4512.8,No
CUST00172,Male,0,11,Yes,DSL,73.56,826.38,No
CUST00173,Female,0,8,No,Fiber optic,108.55,823.84,Yes
CUST00174,Male,1,9,No,DSL,84.19,723.53,Yes
CUST00175,Female,0,31,Yes,DSL,29.64,1016.91,No
CUST00176,Male,1,45,Yes,Fiber optic,46.56,2358.42,Yes
CUST00177,Male,0,5,No,DSL,84.59,389.37,No
CUST00178,Male,1,64,Yes,Fiber optic,37.18,1751.45,Yes
CUST00179,Female,0,37,No,Fiber optic,47.35,1773.12,No
CUST00180,Male,0,21,Yes,Fiber optic,23.88,525.27,No
CUST00181,Female,1,2,No,No,104.22,193.84,Yes
CUST00182,Male,0,9,No,Fiber optic,68.44,646.52,No
CUST00183,Male,0,10,No,Fiber optic,84.02,879.51,Yes
CUST00184,Male,0,38,Yes,Fiber optic,58.2,2423.72,No
CUST00185,Male,0,1,Yes,DSL,80.23,,No
CUST00186,Male,0,23,No,Fiber optic,90.76,2260.62,No
CUST00187,Female,1,70,Yes,DSL,78.56,5098.88,No
CUST00188,Female,0,62,No,Fiber optic,45.58,2904.81,No
CUST00189,Male,0,3,No,DSL,93.93,,Yes
CUST00190,Male,1,29,No,DSL,23.42,560.01,No
CUST00191,Female,0,8,No,Fiber optic,99.97,842.36,No
CUST00192,Male,0,57,Yes,Fiber optic,27.09,1509.14,No
CUST00193,Female,0,11,Yes,Fiber optic,73.38,779.37,No
CUST00194,Male,0,40,No,Fiber optic,22.44,,Yes
CUST00195,Male,0,1,No,Fiber optic,89.86,89.54,No
CUST00196,Female,1,15,No,Fiber optic,51.44,,No
CUST00197,Male,0,38,No,No,92.02,3488.15,No
CUST00198,Male,0,10,Yes,Fiber optic,86.38,876.88,Yes
CUST00199,Male,0,47,No,Fiber optic,82.13,3535.73,No
CUST00200,Female,0,58,Yes,DSL,53.82,3297.19,No
CUST00201,Female,0,46,Yes,Fiber optic,68.28,2714.27,Yes
CUST00202,Male,0,59,Yes,Fiber optic,72.22,4430.48,No
CUST00203,Male,0,71,No,DSL,57.38,4715.94,No
CUST00204,Male,1,72,Yes,DSL,46.33,3323.16,No
CUST00205,Female,0,10,Yes,Fiber optic,78.86,770.55,Yes
CUST00206,Female,0,57,No,No,49.72,2662.68,No
CUST00207,Male,1,3,No,Fiber optic,70.44,189.7,Yes
CUST00208,Male,0,33,No,Fiber optic,82.89,2926.8,No
CUST00209,Female,0,31,No,DSL,47.14,1214.63,No
CUST00210,Male,0,60,No,No,28.4,2297.09,No
CUST00211,Female,0,15,Yes,No,84.05,1204.33,No
CUST00212,Male,1,25,Yes,DSL,28.18,718.67,No
CUST00213,Male,1,24,Yes,DSL,71.76,1836.51,No
CUST00214,Female,0,11,No,DSL,84.94,850.29,No
CUST00215,Male,0,16,Yes,Fiber optic,70.56,1018.2,No
CUST00216,Female,0,8,Yes,Fiber optic,68.2,615.65,Yes
CUST00217,Female,0,65,Yes,No,66.41,,No
CUST00218,Female,0,50,Yes,Fiber optic,70.61,3771.47,No
CUST00219,Male,0,19,No,No,37.2,541.56,No
CUST00220,Male,0,70,Yes,DSL,47.57,,No
CUST00221,Male,0,39,Yes,Fiber optic,88.98,3521.38,No
CUST00222,Male,0,7,Yes,No,85.73,642.48,Yes
CUST00223,Male,0,33,No,Fiber optic,37.49,1325.17,No
CUST00224,Female,0,10,Yes,DSL,98.39,948.72,No
CUST00225,Female,1,5,No,DSL,74.95,389.22,Yes
CUST00226,Male,0,56,Yes,DSL,60.71,3077.2,No
CUST00227,Female,0,67,Yes,Fiber optic,82.91,5460.34,No
CUST00228,Male,0,12,Yes,DSL,77.22,902.11,No
CUST00229,Female,0,23,No,DSL,76.03,1962.05,No
CUST00230,Male,0,70,Yes,Fiber optic,91.5,6076.32,Yes
CUST00231,Female,0,9,No,Fiber optic,97.69,833.53,Yes
CUST00232,Female,0,63,Yes,Fiber optic,55.66,3689.3,No
CUST00233,Male,1,2,No,Fiber optic,77.79,171.27,No
CUST00234,Female,0,0,Yes,DSL,103.91,,No
CUST00235,Female,0,45,No,Fiber optic,82.75,3937.83,Yes
CUST00236,Female,0,65,No,DSL,53.37,3655.9,No
CUST00237,Male,0,4,Yes,Fiber optic,96.03,412.67,No
CUST00238,Female,1,17,No,DSL,58.4,946.05,No
CUST00239,Female,0,8,Yes,No,85.25,,Yes
CUST00240,Female,0,24,Yes,Fiber optic,93.35,2090.68,Yes
CUST00241,Female,0,1,Yes,Fiber optic,106.0,,Yes
CUST00242,Male,0,48,Yes,No,58.53,2618.11,No
CUST00243,Female,1,21,No,Fiber optic,25.57,696.13,No
CUST00244,Female,1,63,No,Fiber optic,28.57,1532.25,No
CUST00245,Female,0,41,Yes,Fiber optic,52.08,2099.6,No
CUST00246,Female,0,13,No,Fiber optic,98.08,1288.88,No
CUST00247,Male,0,24,Yes,DSL,22.96,676.73,No
CUST00248,Male,0,7,Yes,Fiber optic,78.81,533.31,No
CUST00249,Female,0,18,Yes,No,86.78,,No
CUST00250,Male,0,15,No,DSL,80.84,1318.12,No
CUST00251,Female,0,58,No,DSL,61.31,2991.65,No
CUST00252,Female,0,33,Yes,Fiber optic,63.85,2252.69,No
CUST00253,Female,1,44,No,Fiber optic,53.01,1939.06,Yes
CUST00254,Male,0,42,Yes,Fiber optic,70.86,3316.55,Yes
CUST00255,Male,1,21,Yes,DSL,40.47,640.88,No
CUST00256,Female,0,64,No,DSL,41.35,2848.98,No
CUST00257,Female,0,11,No,No,66.74,703.92,No
CUST00258,Male,0,22,Yes,DSL,87.51,1925.9,No
CUST00259,Female,0,37,No,DSL,53.7,2061.7,No
CUST00260,Male,0,12,Yes,No,45.21,615.69,No
CUST00261,Female,0,27,No,DSL,86.88,2595.39,No
CUST00262,Male,0,1,No,Fiber optic,84.23,90.46,Yes
CUST00263,Male,0,51,Yes,DSL,42.77,2024.92,No
CUST00264,Female,0,6,No,Fiber optic,77.46,452.61,No
CUST00265,Female,1,36,No,No,69.99,2316.31,No
CUST00266,Male,1,31,No,DSL,77.85,2109.2,No
CUST00267,Female,0,61,Yes,DSL,51.89,3723.4,No
CUST00268,Female,0,61,No,DSL,85.55,5163.64,No
CUST00269,Male,0,33,Yes,Fiber optic,97.21,2892.09,No
CUST00270,Male,0,48,No,No,96.88,4850.13,No
CUST00271,Male,0,8,Yes,No,71.47,550.78,Yes
CUST00272,Female,0,11,No,DSL,66.57,755.0,No
CUST00273,Female,0,6,Yes,DSL,70.61,380.93,Yes
CUST00274,Female,0,69,No,DSL,41.9,2479.71,No
CUST00275,Male,1,30,No,DSL,22.19,581.93,No
CUST00276,Female,0,24,Yes,DSL,72.08,1863.86,No
CUST00277,Male,1,49,No,No,33.75,1666.79,No
CUST00278,Female,0,51,No,DSL,87.34,4420.99,No
CUST00279,Male,0,5,Yes,Fiber optic,96.37,434.63,Yes
CUST00280,Male,1,0,Yes,Fiber optic,85.84,,Yes
CUST00281,Male,1,0,No,No,93.41,,No
CUST00282,Male,0,40,No,DSL,39.0,1640.26,No
CUST00283,Male,0,22,Yes,DSL,59.44,1224.73,No
CUST00284,Female,0,2,No,DSL,108.58,,No
CUST00285,Male,1,0,Yes,No,66.23,,No
CUST00286,Female,0,48,Yes,Fiber optic,84.74,3800.1,No
CUST00287,Female,0,35,No,No,40.74,,No
CUST00288,Male,0,32,No,DSL,45.08,,No
CUST00289,Female,0,10,Yes,No,94.32,875.92,Yes
CUST00290,Male,0,12,No,Fiber optic,38.1,527.75,No
CUST00291,Female,1,59,Yes,DSL,55.65,2967.63,No
CUST00292,Male,1,5,Yes,DSL,90.84,404.95,No
CUST00293,Male,1,2,No,No,101.3,183.21,Yes
CUST00294,Male,0,39,Yes,DSL,69.65,2559.11,No
CUST00295,Female,1,0,No,No,84.08,,No
CUST00296,Male,0,36,Yes,Fiber optic,69.61,2771.58,Yes
CUST00297,Female,0,40,Yes,Fiber optic,57.76,2401.91,No
CUST00298,Female,0,11,Yes,No,98.8,1020.61,No
CUST00299,Male,1,12,Yes,DSL,72.92,795.14,No
CUST00300,Male,1,52,Yes,DSL,24.57,991.81,No
CUST00301,Female,0,9,Yes,DSL,67.1,599.23,No
CUST00302,Female,1,5,Yes,Fiber optic,105.62,518.08,Yes
CUST00303,Female,1,70,Yes,Fiber optic,71.49,,Yes
CUST00304,Female,0,1,Yes,Fiber optic,100.12,108.57,No
CUST00305,Male,0,62,Yes,No,49.64,3060.53,No
CUST00306,Female,0,14,No,No,76.81,1061.35,No
CUST00307,Female,0,7,No,Fiber optic,93.23,686.11,No
CUST00308,Female,1,66,Yes,DSL,63.44,4371.55,No
CUST00309,Female,0,9,Yes,DSL,68.8,563.08,No
CUST00310,Male,1,12,Yes,DSL,82.67,966.34,No
CUST00311,Female,0,5,Yes,DSL,66.7,322.83,No
CUST00312,Male,0,4,No,Fiber optic,67.92,260.47,No
CUST00313,Male,0,28,Yes,DSL,77.87,,No
CUST00314,Male,0,1,No,DSL,93.91,103.81,Yes
CUST00315,Female,0,0,Yes,Fiber optic,104.87,,Yes
CUST00316,Male,0,0,Yes,DSL,99.87,,Yes
CUST00317,Female,1,71,Yes,DSL,48.39,3873.86,No
CUST00318,Male,1,1,Yes,Fiber optic,104.83,112.2,Yes
CUST00319,Male,0,14,Yes,Fiber optic,27.4,515.39,No
CUST00320,Female,0,36,No,DSL,46.76,1585.86,No
CUST00321,Female,1,30,Yes,DSL,36.62,892.92,No
CUST00322,Female,0,61,No,DSL,35.15,1670.75,No
CUST00323,Male,0,28,Yes,Fiber optic,29.35,708.88,No
CUST00324,Female,0,54,No,No,36.66,2237.93,No
CUST00325,Male,1,42,No,Fiber optic,61.01,2616.91,Yes
CUST00326,Female,0,33,Yes,DSL,31.66,1131.21,No
CUST00327,Male,0,6,Yes,DSL,90.5,576.87,Yes
CUST00328,Male,0,31,Yes,DSL,44.84,1112.45,No
CUST00329,Female,0,3,Yes,No,88.63,276.42,No
CUST00330,Female,1,70,No,Fiber optic,74.7,,No
CUST00331,Male,0,62,Yes,DSL,40.22,2265.2,No
CUST00332,Female,0,42,Yes,No,60.18,2339.41,No
CUST00333,Male,0,19,No,DSL,25.85,515.12,No
CUST00334,Female,0,30,Yes,No,54.91,1883.13,No
CUST00335,Female,0,9,Yes,DSL,90.0,820.14,No
CUST00336,Female,0,2,Yes,DSL,83.66,155.68,Yes
CUST00337,Male,1,10,Yes,No,99.0,928.75,Yes
CUST00338,Male,0,69,Yes,Fiber optic,86.03,6356.63,Yes
CUST00339,Female,0,11,No,DSL,96.78,1083.24,Yes
CUST00340,Male,1,49,Yes,Fiber optic,73.58,3417.1,No
CUST00341,Female,0,71,Yes,Fiber optic,24.1,1605.05,Yes
CUST00342,Male,1,16,Yes,Fiber optic,50.4,957.66,Yes
CUST00343,Female,0,20,Yes,Fiber optic,34.56,579.13,No
CUST00344,Male,0,24,Yes,DSL,73.37,1539.51,No
CUST00345,Female,1,10,Yes,DSL,70.05,697.43,Yes
CUST00346,Female,0,40,No,Fiber optic,39.08,,No
CUST00347,Male,0,49,Yes,Fiber optic,63.17,2952.83,Yes
CUST00348,Female,1,51,No,No,30.46,1142.14,No
CUST00349,Female,0,7,No,No,78.87,512.85,Yes
CUST00350,Female,0,68,Yes,Fiber optic,68.51,4664.36,No
CUST00351,Female,1,52,No,No,34.2,2100.04,No
CUST00352,Female,0,2,Yes,DSL,64.65,129.54,No
CUST00353,Female,0,61,No,DSL,56.9,3154.08,No
CUST00354,Female,0,5,Yes,DSL,91.05,484.12,Yes
CUST00355,Female,0,37,Yes,DSL,70.55,,No
CUST00356,Female,0,69,No,Fiber optic,28.13,2561.7,No
CUST00357,Female,0,47,No,No,33.57,1361.7,No
CUST00358,Male,1,66,Yes,DSL,60.06,3993.64,No
CUST00359,Male,0,36,No,DSL,51.45,1928.03,No
CUST00360,Male,0,71,No,Fiber optic,81.16,5762.09,No
CUST00361,Female,0,55,No,Fiber optic,36.94,2164.56,No
CUST00362,Male,0,25,Yes,No,68.74,1827.49,No
CUST00363,Male,1,38,No,Fiber optic,77.97,2721.65,Yes
CUST00364,Female,0,28,Yes,DSL,24.62,645.43,No
CUST00365,Male,0,12,No,No,63.17,712.5,No
CUST00366,Male,0,3,No,DSL,92.05,289.08,Yes
CUST00367,Female,0,44,No,Fiber optic,44.94,1669.52,Yes
CUST00368,Male,0,12,Yes,DSL,81.34,936.98,No
CUST00369,Male,0,41,No,DSL,68.31,2801.77,No
CUST00370,Female,0,42,Yes,DSL,33.26,1216.63,No
CUST00371,Female,0,61,No,No,48.31,2911.36,No
CUST00372,Female,1,31,No,DSL,58.6,1605.65,No
CUST00373,Female,0,29,Yes,No,58.08,1561.0,No
CUST00374,Male,0,1,No,Fiber optic,108.35,100.59,No
CUST00375,Male,0,5,No,No,100.11,545.41,No
CUST00376,Male,0,38,Yes,DSL,27.11,1035.44,No
CUST00377,Female,0,9,Yes,Fiber optic,107.82,935.43,No
CUST00378,Male,1,70,Yes,DSL,63.79,4841.12,Yes
CUST00379,Female,0,47,No,DSL,35.81,1838.94,No
CUST00380,Male,0,7,Yes,DSL,86.34,,Yes
CUST00381,Female,0,53,No,Fiber optic,79.32,3836.78,Yes
CUST00382,Female,0,40,No,Fiber optic,70.4,2607.52,No
CUST00383,Male,0,2,Yes,DSL,108.26,206.88,Yes
CUST00384,Male,0,15,No,Fiber optic,27.77,391.89,No
CUST00385,Male,0,70,No,DSL,93.73,6143.79,No
CUST00386,Male,0,2,No,DSL,94.88,199.79,No
CUST00387,Male,0,19,No,Fiber optic,74.54,1252.17,Yes
CUST00388,Male,0,70,Yes,Fiber optic,71.54,4798.26,Yes
CUST00389,Female,0,12,No,Fiber optic,49.85,486.0,No
CUST00390,Male,0,1,No,DSL,69.45,75.23,No
CUST00391,Male,0,59,Yes,Fiber optic,24.09,1327.83,No
CUST00392,Male,0,61,No,DSL,70.53,4327.93,No
CUST00393,Male,0,10,No,Fiber optic,82.8,828.77,Yes
CUST00394,Female,1,5,Yes,DSL,98.69,520.11,Yes
CUST00395,Female,0,27,No,Fiber optic,74.16,1819.45,No
CUST00396,Male,0,5,No,Fiber optic,80.92,423.14,Yes
CUST00397,Male,0,69,Yes,DSL,72.81,5288.5,No
CUST00398,Male,0,37,Yes,DSL,78.45,2837.25,No
CUST00399,Male,0,46,Yes,Fiber optic,69.24,3583.4,No
CUST00400,Female,0,17,No,Fiber optic,50.7,768.04,No
CUST00401,Female,0,69,Yes,DSL,28.65,1824.91,No
CUST00402,Female,0,13,Yes,No,67.21,942.51,No
CUST00403,Male,0,19,Yes,Fiber optic,31.17,689.82,Yes
CUST00404,Female,1,24,Yes,No,57.62,1466.87,No
CUST00405,Male,1,48,No,DSL,95.24,4982.71,No
CUST00406,Male,0,8,Yes,DSL,102.98,825.02,Yes
CUST00407,Male,0,45,Yes,DSL,39.72,2106.28,No
CUST00408,Male,0,65,No,DSL,84.58,5816.21,No
CUST00409,Male,0,53,No,No,36.14,2219.15,No
CUST00410,Male,0,43,No,DSL,73.97,2966.74,No
CUST00411,Female,0,10,Yes,Fiber optic,78.91,708.68,Yes
CUST00412,Female,1,28,No,No,39.5,999.95,No
CUST00413,Male,1,46,Yes,Fiber optic,50.02,,No
CUST00414,Female,1,8,No,DSL,79.69,574.72,Yes
CUST00415,Male,0,7,Yes,Fiber optic,104.72,788.87,Yes
CUST00416,Female,0,39,No,Fiber optic,64.49,2723.98,No
CUST00417,Female,1,44,Yes,DSL,97.09,4505.19,No
CUST00418,Female,0,48,No,DSL,36.49,1460.61,No
CUST00419,Female,0,11,Yes,Fiber optic,101.35,1172.73,Yes
CUST00420,Female,0,0,No,No,107.38,,Yes
CUST00421,Female,0,12,No,No,90.19,1139.68,No
CUST00422,Male,0,69,No,No,38.6,2502.68,No
CUST00423,Female,0,14,No,DSL,43.24,495.95,No
CUST00424,Male,1,35,Yes,No,64.43,1977.5,Yes
CUST00425,Female,0,6,Yes,DSL,80.33,485.92,Yes
CUST00426,Male,0,11,Yes,Fiber optic,60.92,780.07,No
CUST00427,Male,0,64,Yes,Fiber optic,62.01,4250.77,No
CUST00428,Female,0,6,No,DSL,62.15,384.75,No
CUST00429,Female,0,9,Yes,DSL,67.88,573.72,No
CUST00430,Female,0,27,No,Fiber optic,67.11,1866.19,No
CUST00431,Female,0,19,No,Fiber optic,45.76,702.11,No
CUST00432,Female,0,44,Yes,DSL,52.78,1919.63,No
CUST00433,Female,0,11,Yes,DSL,97.35,1050.4,No
CUST00434,Female,1,0,Yes,DSL,79.07,,No
CUST00435,Female,0,63,Yes,Fiber optic,80.75,4745.87,No
CUST00436,Female,0,3,No,Fiber optic,103.42,313.44,Yes
CUST00437,Female,1,3,Yes,DSL,109.68,314.66,No
CUST00438,Female,0,4,Yes,No,91.46,346.75,Yes
CUST00439,Male,0,6,No,No,95.49,599.95,No
CUST00440,Female,0,8,No,DSL,90.03,723.69,Yes
CUST00441,Female,0,10,Yes,No,81.58,904.48,No
CUST00442,Female,0,36,Yes,Fiber optic,73.17,2714.93,No
CUST00443,Female,0,4,Yes,Fiber optic,66.39,246.99,No
CUST00444,Male,0,14,No,Fiber optic,28.45,506.7,No
CUST00445,Female,0,62,Yes,No,47.21,2822.37,No
CUST00446,Male,0,10,Yes,DSL,91.95,922.68,No
CUST00447,Male,0,66,Yes,No,59.01,4362.6,No
CUST00448,Male,0,66,Yes,No,72.31,4898.44,No
CUST00449,Female,0,6,No,DSL,95.62,529.68,No
CUST00450,Male,0,6,No,Fiber optic,83.84,499.6,Yes
CUST00451,Female,1,61,Yes,DSL,94.43,5651.5,No
CUST00452,Female,1,61,No,No,36.97,2137.17,Yes
CUST00453,Female,0,24,No,No,50.91,1377.99,No
CUST00454,Male,0,2,Yes,Fiber optic,74.23,147.82,No
CUST00455,Male,0,7,Yes,Fiber optic,101.68,762.52,Yes
CUST00456,Female,0,11,Yes,DSL,99.85,1029.66,No
CUST00457,Male,0,29,No,No,66.18,2069.41,No
CUST00458,Male,0,32,Yes,No,49.25,1843.83,No
CUST00459,Female,0,9,Yes,Fiber optic,95.36,930.5,No
CUST00460,Female,0,48,No,Fiber optic,71.05,2941.9,No
CUST00461,Male,0,63,No,DSL,29.77,1602.18,No
CUST00462,Female,1,60,Yes,DSL,71.8,4703.02,Yes
CUST00463,Male,0,33,No,DSL,54.83,1711.29,No
CUST00464,Female,1,31,No,Fiber optic,54.94,1529.6,No
CUST00465,Male,0,23,No,Fiber optic,86.92,1957.28,No
CUST00466,Male,1,55,No,Fiber optic,84.02,4476.98,No
CUST00467,Female,0,2,No,DSL,104.58,197.84,Yes
CUST00468,Female,1,52,No,DSL,76.71,4501.07,No
CUST00469,Female,0,3,No,DSL,66.44,227.75,No
CUST00470,Female,0,44,No,No,55.37,2669.0,No
CUST00471,Female,0,20,No,Fiber optic,94.96,1806.06,No
CUST00472,Female,0,10,Yes,Fiber optic,81.45,768.38,Yes
CUST00473,Female,0,4,No,Fiber optic,87.43,341.48,Yes
CUST00474,Female,0,65,No,Fiber optic,46.61,2710.29,Yes
CUST00475,Male,0,17,No,Fiber optic,71.81,1263.96,Yes
CUST00476,Female,0,6,No,DSL,66.84,360.46,No
CUST00477,Female,1,70,Yes,DSL,75.2,4953.98,No
CUST00478,Female,1,56,Yes,DSL,40.0,1884.99,Yes
CUST00479,Male,0,8,No,Fiber optic,92.01,746.51,No
CUST00480,Male,0,2,Yes,No,65.59,131.03,No
CUST00481,Male,0,9,Yes,DSL,60.14,495.15,No
CUST00482,Male,0,56,Yes,DSL,67.09,3521.65,No
CUST00483,Male,1,25,Yes,No,64.71,1771.49,Yes
CUST00484,Female,0,51,No,Fiber optic,60.4,2716.37,No
CUST00485,Female,0,8,No,DSL,76.35,549.92,Yes
CUST00486,Female,0,61,Yes,DSL,23.2,1409.16,No
CUST00487,Female,0,65,No,DSL,21.84,,No
CUST00488,Female,0,5,Yes,DSL,69.45,351.08,No
CUST00489,Female,1,57,No,Fiber optic,91.79,,No
CUST00490,Male,0,8,Yes,DSL,97.5,745.79,Yes
CUST00491,Male,1,2,Yes,No,90.9,166.47,Yes
CUST00492,Male,0,0,Yes,Fiber optic,80.07,,No
CUST00493,Female,0,41,Yes,DSL,80.13,2910.71,No
CUST00494,Female,0,70,Yes,DSL,92.76,6335.54,No
CUST00495,Female,0,65,No,No,27.45,1311.54,No
CUST00496,Male,0,10,No,Fiber optic,82.39,864.67,No
CUST00497,Female,0,7,Yes,DSL,68.04,478.21,No
CUST00498,Female,0,15,No,DSL,43.04,510.22,No
CUST00499,Female,0,6,Yes,DSL,74.14,473.96,Yes
CUST00500,Male,0,7,No,DSL,64.83,453.34,No
CUST00501,Male,0,12,Yes,Fiber optic,98.62,1235.21,No
CUST00502,Male,0,5,Yes,Fiber optic,91.6,454.77,Yes
CUST00503,Female,1,17,Yes,Fiber optic,33.3,431.97,No
CUST00504,Male,0,71,No,Fiber optic,63.63,4852.88,No
CUST00505,Male,1,44,Yes,DSL,91.57,3799.08,No
CUST00506,Female,0,6,No,DSL,60.1,307.48,No
CUST00507,Female,0,52,No,Fiber optic,43.19,2096.08,No
CUST00508,Male,0,31,Yes,No,92.55,2717.61,No
CUST00509,Female,0,13,Yes,Fiber optic,63.97,769.7,No
CUST00510,Male,0,13,Yes,Fiber optic,33.36,,No
CUST00511,Male,0,34,Yes,Fiber optic,73.62,2346.41,No
CUST00512,Female,0,4,Yes,Fiber optic,90.56,400.8,No
CUST00513,Male,0,24,Yes,DSL,97.61,2486.48,No
CUST00514,Male,0,29,Yes,DSL,44.88,1566.69,No
CUST00515,Female,1,58,No,No,84.3,4669.7,No
CUST00516,Female,0,8,No,Fiber optic,87.35,734.43,Yes
CUST00517,Female,0,22,Yes,Fiber optic,85.26,1702.25,No
CUST00518,Female,0,39,No,DSL,67.3,2614.25,No
CUST00519,Female,0,68,Yes,Fiber optic,30.03,1370.05,No
CUST00520,Female,0,12,Yes,Fiber optic,80.93,1055.74,No
CUST00521,Male,1,38,No,Fiber optic,25.17,1328.19,No
CUST00522,Male,0,2,Yes,No,63.41,113.95,No
CUST00523,Male,0,13,No,Fiber optic,39.38,605.72,Yes
CUST00524,Male,0,12,Yes,Fiber optic,60.77,716.47,No
CUST00525,Male,0,12,Yes,DSL,26.02,245.89,No
CUST00526,Male,0,60,Yes,DSL,31.26,1359.91,No
CUST00527,Female,0,55,No,Fiber optic,33.74,1969.04,No
CUST00528,Male,0,27,No,DSL,67.26,1570.5,No
CUST00529,Male,1,30,Yes,Fiber optic,50.08,1765.62,Yes
CUST00530,Male,1,45,No,DSL,44.11,2054.12,Yes
CUST00531,Male,1,60,Yes,Fiber optic,63.57,3842.44,No
CUST00532,Male,0,19,Yes,DSL,28.19,663.52,No
CUST00533,Male,0,19,No,Fiber optic,80.33,1454.57,Yes
CUST00534,Female,0,10,No,No,74.12,728.55,No
CUST00535,Female,0,45,No,Fiber optic,77.66,3129.13,No
CUST00536,Male,1,4,Yes,Fiber optic,88.18,320.72,No
CUST00537,Male,0,10,No,DSL,75.56,732.39,No
CUST00538,Male,0,7,Yes,DSL,109.04,697.33,Yes
CUST00539,Male,0,5,No,DSL,77.04,422.08,No
CUST00540,Female,0,8,Yes,DSL,77.48,607.89,Yes
CUST00541,Female,0,8,Yes,DSL,71.83,563.16,No
CUST00542,Male,0,52,No,DSL,71.23,4182.23,No
CUST00543,Female,0,57,No,DSL,96.46,5138.11,No
CUST00544,Female,1,8,Yes,DSL,62.8,427.32,No
CUST00545,Female,0,1,No,No,103.67,111.48,Yes
CUST00546,Male,0,60,Yes,Fiber optic,45.93,3321.41,No
CUST00547,Male,0,37,Yes,DSL,75.87,2648.52,No
CUST00548,Male,0,31,Yes,DSL,35.46,1237.37,No
CUST00549,Female,0,40,No,DSL,78.39,3308.81,No
CUST00550,Female,0,22,Yes,No,91.81,1800.15,No
CUST00551,Female,0,41,No,Fiber optic,75.17,3349.62,Yes
CUST00552,Female,0,69,No,Fiber optic,89.07,5810.02,Yes
CUST00553,Female,0,68,No,No,74.19,5341.34,No
CUST00554,Female,0,48,Yes,Fiber optic,56.23,3068.7,No
CUST00555,Female,1,65,No,No,24.67,1668.57,No
CUST00556,Female,0,5,No,DSL,91.34,416.61,Yes
CUST00557,Male,0,4,No,Fiber optic,106.3,424.72,No
CUST00558,Female,0,1,No,DSL,70.54,,Yes
CUST00559,Male,0,7,Yes,DSL,90.41,659.64,Yes
CUST00560,Male,0,53,No,Fiber optic,35.63,1837.1,No
CUST00561,Male,0,64,No,Fiber optic,82.81,5470.95,No
CUST00562,Female,0,6,Yes,DSL,81.79,451.06,No
CUST00563,Male,0,10,Yes,Fiber optic,64.31,576.4,Yes
CUST00564,Male,0,52,No,Fiber optic,34.01,1482.07,No
CUST00565,Male,0,6,Yes,Fiber optic,87.95,532.23,No
CUST00566,Female,0,0,Yes,DSL,90.2,,Yes
CUST00567,Male,0,56,No,Fiber optic,33.0,2096.61,No
CUST00568,Male,0,52,Yes,DSL,72.15,3595.73,No
CUST00569,Male,1,36,No,Fiber optic,47.94,1664.12,Yes
CUST00570,Female,1,53,Yes,Fiber optic,67.72,3205.15,Yes
CUST00571,Male,0,20,Yes,Fiber optic,24.56,685.8,Yes
CUST00572,Female,0,43,No,DSL,64.61,2551.7,No
CUST00573,Male,0,6,Yes,Fiber optic,86.56,510.29,No
CUST00574,Female,0,4,No,DSL,92.58,357.45,Yes
CUST00575,Female,0,71,No,Fiber optic,70.64,5242.79,No
CUST00576,Female,1,4,No,DSL,86.27,314.15,No
CUST00577,Male,0,3,No,Fiber optic,90.77,291.48,No
CUST00578,Male,0,33,No,DSL,92.43,3220.88,No
CUST00579,Male,0,7,Yes,Fiber optic,99.38,,No
CUST00580,Male,1,11,Yes,DSL,60.77,716.64,No
CUST00581,Male,0,10,Yes,DSL,70.02,661.47,Yes
CUST00582,Male,0,34,No,DSL,82.53,2975.31,No
CUST00583,Male,1,4,Yes,DSL,101.5,386.48,Yes
CUST00584,Female,0,52,No,DSL,20.05,1442.66,No
CUST00585,Female,0,11,Yes,DSL,63.21,750.13,No
CUST00586,Male,0,21,No,DSL,69.22,1415.77,No
CUST00587,Female,0,52,No,DSL,92.71,4673.47,No
CUST00588,Female,1,6,Yes,Fiber optic,96.09,,Yes
CUST00589,Female,0,21,Yes,No,52.57,952.33,No
CUST00590,Male,0,10,No,Fiber optic,82.96,732.23,Yes
CUST00591,Female,0,20,No,No,28.91,739.74,No
CUST00592,Male,0,60,No,DSL,31.08,1828.56,No
CUST00593,Female,1,12,No,Fiber optic,60.22,743.93,No
CUST00594,Female,0,8,No,No,107.11,918.88,No
CUST00595,Male,1,3,Yes,DSL,83.91,274.98,Yes
CUST00596,Female,0,20,No,DSL,59.14,1132.21,No
CUST00597,Male,0,32,Yes,Fiber optic,29.06,871.4,No
CUST00598,Male,0,62,Yes,DSL,27.61,1116.8,No
CUST00599,Male,0,3,Yes,Fiber optic,60.61,158.96,Yes
CUST00600,Male,0,63,No,DSL,85.43,5293.3,No
CUST00601,Male,0,33,Yes,DSL,86.51,2685.86,No
CUST00602,Female,0,33,No,Fiber optic,70.67,2207.28,No
CUST00603,Male,0,11,Yes,DSL,79.24,960.27,No
CUST00604,Female,0,12,No,DSL,39.47,529.09,No
CUST00605,Male,0,4,Yes,DSL,88.79,389.34,Yes
CUST00606,Male,0,6,No,Fiber optic,103.17,565.99,Yes
CUST00607,Female,0,50,Yes,DSL,99.59,5289.87,No
CUST00608,Female,0,1,Yes,No,72.45,79.15,Yes
CUST00609,Male,1,45,Yes,DSL,76.27,3603.52,No
CUST00610,Female,0,54,Yes,DSL,77.23,4698.51,No
CUST00611,Male,1,3,Yes,No,89.97,266.01,No
CUST00612,Male,0,47,Yes,Fiber optic,30.53,1651.2,Yes
CUST00613,Male,0,35,No,Fiber optic,53.89,2226.52,No
CUST00614,Female,0,67,No,DSL,24.33,1176.82,No
CUST00615,Male,0,5,No,Fiber optic,64.68,310.98,No
CUST00616,Female,0,5,Yes,DSL,92.76,495.15,Yes
CUST00617,Male,0,60,Yes,No,60.2,3279.76,No
CUST00618,Male,0,45,No,Fiber optic,36.28,1929.52,Yes
CUST00619,Male,0,1,No,DSL,106.07,97.65,Yes
CUST00620,Male,0,4,No,DSL,95.74,347.8,No
CUST00621,Male,0,10,No,No,83.98,836.03,Yes
CUST00622,Female,0,55,No,DSL,53.11,2874.92,No
CUST00623,Male,0,4,No,Fiber optic,90.74,391.95,No
CUST00624,Male,0,4,No,No,108.07,394.34,No
CUST00625,Female,1,23,No,Fiber optic,85.35,1959.59,No
CUST00626,Female,0,56,No,Fiber optic,76.9,4786.3,No
CUST00627,Female,0,64,No,Fiber optic,29.82,1390.81,No
CUST00628,Female,0,9,Yes,DSL,65.68,506.61,No
CUST00629,Female,0,8,Yes,Fiber optic,66.01,584.99,No
CUST00630,Male,1,58,Yes,DSL,73.17,4462.18,No
CUST00631,Male,0,12,No,DSL,60.51,758.49,No
CUST00632,Female,1,0,No,No,85.81,,No
CUST00633,Female,0,43,No,DSL,32.8,1476.43,No
CUST00634,Female,0,9,No,No,100.99,838.59,Yes
CUST00635,Male,0,10,Yes,Fiber optic,82.42,882.53,Yes
CUST00636,Female,0,61,No,DSL,35.7,2424.17,No
CUST00637,Female,0,58,Yes,DSL,53.26,2523.75,No
CUST00638,Male,0,64,Yes,Fiber optic,44.76,2757.48,Yes
CUST00639,Female,0,57,Yes,Fiber optic,46.51,3014.9,No
CUST00640,Male,0,61,Yes,Fiber optic,74.56,4061.43,No
CUST00641,Female,0,27,Yes,No,60.19,,No
CUST00642,Male,0,38,Yes,Fiber optic,75.97,2918.56,No
CUST00643,Female,1,36,Yes,DSL,58.02,2294.03,No
CUST00644,Male,0,12,No,DSL,21.84,360.53,No
CUST00645,Male,1,40,Yes,Fiber optic,98.76,4229.23,Yes
CUST00646,Female,1,21,No,DSL,77.37,1689.43,No
CUST00647,Male,0,55,No,DSL,64.87,3719.17,No
CUST00648,Male,0,12,Yes,No,31.92,348.88,No
CUST00649,Male,0,11,Yes,DSL,74.96,744.5,Yes
CUST00650,Male,1,3,Yes,No,75.38,198.63,Yes
CUST00651,Female,1,26,Yes,Fiber optic,47.17,1062.68,No
CUST00652,Female,0,23,No,Fiber optic,55.73,,No
CUST00653,Male,1,6,Yes,No,96.42,623.39,Yes
CUST00654,Male,0,0,Yes,Fiber optic,101.23,,Yes
CUST00655,Male,0,49,No,Fiber optic,65.06,2771.99,No
CUST00656,Female,0,61,Yes,DSL,26.42,1862.04,No
CUST00657,Male,0,10,Yes,No,95.06,967.77,No
CUST00658,Female,1,49,Yes,DSL,23.65,1087.0,Yes
CUST00659,Male,0,38,Yes,No,54.29,1705.24,No
CUST00660,Female,0,29,No,Fiber optic,61.45,1577.31,No
CUST00661,Male,0,4,No,Fiber optic,96.76,416.56,No
CUST00662,Male,0,1,No,Fiber optic,91.64,89.48,Yes
CUST00663,Male,1,58,Yes,DSL,52.36,2737.99,No
CUST00664,Female,0,21,Yes,Fiber optic,26.41,402.22,No
CUST00665,Female,0,1,Yes,Fiber optic,75.06,,No
CUST00666,Male,0,56,Yes,Fiber optic,47.53,2842.0,Yes
CUST00667,Male,0,7,Yes,Fiber optic,105.08,681.05,Yes
CUST00668,Female,1,12,Yes,DSL,37.04,480.11,No
CUST00669,Female,0,12,Yes,Fiber optic,49.24,533.98,No
CUST00670,Female,0,9,Yes,No,62.63,525.02,No
CUST00671,Female,0,2,No,No,65.4,127.48,No
CUST00672,Male,1,49,Yes,Fiber optic,21.06,1064.08,Yes
CUST00673,Male,0,19,No,Fiber optic,73.94,1488.19,No
CUST00674,Male,0,47,No,Fiber optic,74.49,3537.34,No
CUST00675,Male,0,5,No,No,90.8,466.48,No
CUST00676,Female,0,10,No,Fiber optic,62.04,530.39,No
CUST00677,Female,0,35,Yes,Fiber optic,88.54,3338.73,No
CUST00678,Female,0,34,Yes,DSL,73.54,2670.41,No
CUST00679,Male,0,54,No,DSL,86.64,4450.03,No
CUST00680,Male,0,8,Yes,Fiber optic,72.61,618.64,Yes
CUST00681,Male,0,43,No,Fiber optic,69.4,2601.21,No
CUST00682,Male,0,59,Yes,No,64.5,3697.04,No
CUST00683,Male,0,7,Yes,Fiber optic,84.23,565.96,Yes
CUST00684,Male,0,61,Yes,No,40.87,2831.49,No
CUST00685,Male,1,46,No,No,58.71,2491.48,Yes
CUST00686,Female,1,19,Yes,Fiber optic,25.3,355.64,Yes
CUST00687,Female,0,67,No,Fiber optic,61.77,4040.44,No
CUST00688,Female,0,18,No,Fiber optic,51.96,837.36,No
CUST00689,Female,0,4,No,Fiber optic,65.41,253.64,No
CUST00690,Female,0,0,Yes,Fiber optic,102.84,,Yes
CUST00691,Male,0,16,Yes,Fiber optic,70.89,1134.43,No
CUST00692,Female,0,59,Yes,DSL,54.86,3773.86,No
CUST00693,Female,0,29,Yes,DSL,79.57,2495.15,No
CUST00694,Female,0,32,Yes,Fiber optic,92.87,2884.61,No
CUST00695,Male,0,25,Yes,Fiber optic,77.11,,No
CUST00696,Female,0,18,Yes,DSL,80.86,1389.48,No
CUST00697,Female,0,45,Yes,DSL,92.49,4020.38,No
CUST00698,Female,0,41,No,DSL,74.73,2775.44,No
CUST00699,Female,1,65,No,DSL,78.46,4743.52,No
CUST00700,Female,0,63,Yes,DSL,32.23,1457.84,No
CUST00701,Female,0,47,Yes,No,28.02,921.43,No
CUST00702,Male,0,21,Yes,DSL,73.24,1638.89,No
CUST00703,Female,0,12,No,Fiber optic,55.2,686.56,No
CUST00704,Female,0,0,Yes,DSL,92.86,,Yes
CUST00705,Male,0,55,No,Fiber optic,76.92,4090.12,No
CUST00706,Female,0,54,Yes,DSL,45.48,2951.67,No
CUST00707,Female,1,22,No,DSL,69.07,1465.93,No
CUST00708,Male,0,4,Yes,Fiber optic,65.42,266.75,No
CUST00709,Female,1,52,Yes,DSL,35.13,2263.88,No
CUST00710,Male,0,26,No,DSL,65.57,1453.84,No
CUST00711,Female,0,2,No,DSL,84.19,154.88,Yes
CUST00712,Female,0,4,Yes,Fiber optic,82.14,303.58,No
CUST00713,Male,0,47,Yes,DSL,76.93,3651.8,No
CUST00714,Female,0,17,Yes,No,58.4,1135.77,No
CUST00715,Female,1,27,No,Fiber optic,68.26,1799.41,No
CUST00716,Female,0,10,Yes,DSL,75.15,691.84,Yes
CUST00717,Female,0,56,Yes,DSL,81.39,4819.8,No
CUST00718,Female,0,19,No,Fiber optic,49.64,1086.04,No
CUST00719,Female,0,6,Yes,No,76.85,425.61,No
CUST00720,Male,0,3,Yes,Fiber optic,89.73,277.17,Yes
CUST00721,Male,0,2,No,DSL,103.49,191.91,Yes
CUST00722,Female,0,31,No,No,41.91,1409.82,No
CUST00723,Female,0,8,Yes,DSL,76.47,559.16,Yes
CUST00724,Male,0,12,Yes,DSL,29.04,416.65,No
CUST00725,Female,1,27,Yes,DSL,30.75,726.02,Yes
CUST00726,Male,0,7,Yes,DSL,105.44,702.33,No
CUST00727,Male,0,6,Yes,Fiber optic,85.65,537.8,No
CUST00728,Male,0,32,No,DSL,32.44,966.11,No
CUST00729,Male,0,61,Yes,Fiber optic,32.37,2381.86,No
CUST00730,Male,0,43,No,No,57.98,,No
CUST00731,Male,0,17,Yes,Fiber optic,81.53,1257.0,Yes
CUST00732,Male,1,1,Yes,DSL,72.72,69.4,Yes
CUST00733,Male,1,31,Yes,DSL,23.38,597.68,No
CUST00734,Male,0,42,Yes,Fiber optic,72.62,3017.48,No
CUST00735,Female,0,32,No,Fiber optic,33.67,1105.87,No
CUST00736,Female,0,64,No,DSL,46.47,3436.81,No
CUST00737,Female,1,64,Yes,Fiber optic,26.76,1775.8,Yes
CUST00738,Male,0,47,No,DSL,39.11,2035.68,No
CUST00739,Male,0,41,Yes,DSL,42.82,1487.01,No
CUST00740,Female,0,29,Yes,Fiber optic,71.29,1835.97,Yes
CUST00741,Female,1,41,No,Fiber optic,86.44,3857.77,No
CUST00742,Male,0,11,No,Fiber optic,97.67,1144.7,Yes
CUST00743,Female,0,2,No,DSL,77.14,151.77,No
CUST00744,Male,0,30,Yes,Fiber optic,35.35,1299.6,No
CUST00745,Male,0,21,No,Fiber optic,50.02,1130.75,No
CUST00746,Male,0,12,Yes,DSL,73.29,797.01,No
CUST00747,Female,1,37,No,Fiber optic,99.93,,Yes
CUST00748,Male,1,65,No,Fiber optic,30.03,2088.46,No
CUST00749,Female,1,0,Yes,DSL,98.01,,Yes
CUST00750,Male,0,10,No,No,107.22,1018.17,Yes
CUST00751,Male,0,9,Yes,DSL,106.12,890.14,No
CUST00752,Male,0,47,No,Fiber optic,89.9,4570.24,No
CUST00753,Female,0,3,Yes,No,81.92,269.48,Yes
CUST00754,Male,0,33,Yes,DSL,67.73,2289.53,No
CUST00755,Female,0,1,Yes,No,102.83,109.38,No
CUST00756,Female,0,11,No,DSL,89.79,956.13,Yes
CUST00757,Male,0,3,Yes,DSL,109.26,349.62,No
CUST00758,Female,0,39,Yes,DSL,38.69,1202.39,No
CUST00759,Male,0,17,No,No,84.54,1480.25,No
CUST00760,Male,0,21,Yes,No,52.6,1020.35,No
CUST00761,Female,1,63,Yes,DSL,60.93,4448.77,No
CUST00762,Female,0,0,Yes,DSL,99.57,,Yes
CUST00763,Male,1,16,No,Fiber optic,26.78,348.82,Yes
CUST00764,Female,1,1,No,No,63.01,61.66,No
CUST00765,Male,1,70,Yes,DSL,37.18,2814.25,No
CUST00766,Male,0,62,No,Fiber optic,83.07,5298.69,No
CUST00767,Female,0,24,No,DSL,60.78,1534.04,No
CUST00768,Male,0,42,Yes,No,88.29,4096.43,No
CUST00769,Male,0,25,No,Fiber optic,35.83,1073.12,Yes
CUST00770,Female,1,19,No,Fiber optic,93.55,1839.69,Yes
CUST00771,Male,1,4,No,DSL,106.67,417.44,Yes
CUST00772,Female,1,17,Yes,DSL,83.45,1256.64,Yes
CUST00773,Female,0,0,No,Fiber optic,62.69,,No
CUST00774,Female,0,23,No,Fiber optic,39.47,992.56,Yes
CUST00775,Male,0,59,Yes,Fiber optic,61.16,3441.38,Yes
CUST00776,Male,0,19,No,Fiber optic,43.9,,No
CUST00777,Male,0,29,Yes,Fiber optic,58.28,1618.76,Yes
CUST00778,Male,0,66,Yes,DSL,54.4,2941.14,No
CUST00779,Female,0,31,Yes,Fiber optic,26.86,752.16,No
CUST00780,Female,0,43,No,No,64.23,2467.42,No
CUST00781,Female,0,0,Yes,DSL,88.55,,Yes
CUST00782,Female,0,3,No,Fiber optic,64.22,203.16,No
CUST00783,Male,0,8,Yes,DSL,87.03,758.09,Yes
CUST00784,Female,0,66,No,Fiber optic,96.13,6029.14,Yes
CUST00785,Male,0,56,No,Fiber optic,97.7,5591.99,No
CUST00786,Male,0,1,No,Fiber optic,81.21,71.97,Yes
CUST00787,Male,0,64,No,Fiber optic,69.28,3819.73,No
CUST00788,Male,0,34,Yes,DSL,82.09,2755.27,No
CUST00789,Male,0,3,Yes,Fiber optic,96.31,287.95,No
CUST00790,Male,0,45,Yes,Fiber optic,88.5,3928.29,Yes
CUST00791,Male,0,10,Yes,No,88.17,981.5,Yes
CUST00792,Male,0,5,No,Fiber optic,73.07,377.15,No
CUST00793,Male,0,38,No,Fiber optic,48.9,2205.16,No
CUST00794,Male,1,6,Yes,No,68.24,466.09,Yes
CUST00795,Female,0,66,No,Fiber optic,53.34,4160.96,No
CUST00796,Male,0,2,No,DSL,109.16,200.86,Yes
CUST00797,Male,0,1,Yes,DSL,87.71,92.56,No
CUST00798,Male,0,55,No,Fiber optic,34.48,2187.13,No
CUST00799,Male,1,49,Yes,Fiber optic,72.72,3606.63,No
CUST00800,Female,0,15,Yes,DSL,53.42,,No
CUST00801,Female,1,25,Yes,DSL,98.11,2398.3,No
CUST00802,Male,0,13,No,Fiber optic,61.77,892.15,No
CUST00803,Female,1,12,No,DSL,30.14,306.3,Yes
CUST00804,Male,0,1,Yes,Fiber optic,82.55,89.68,Yes
CUST00805,Male,0,36,Yes,DSL,52.25,1734.19,No
CUST00806,Female,0,56,No,Fiber optic,50.15,2370.12,Yes
CUST00807,Male,0,46,No,DSL,75.62,3484.6,No
CUST00808,Female,0,4,No,No,101.16,371.57,No
CUST00809,Male,0,5,Yes,Fiber optic,63.22,336.25,No
CUST00810,Male,0,15,Yes,Fiber optic,40.37,595.06,No
CUST00811,Male,0,37,No,DSL,36.54,1492.9,No
CUST00812,Female,0,11,No,No,70.7,821.63,Yes
CUST00813,Male,0,4,Yes,DSL,100.92,395.33,No
CUST00814,Male,1,36,No,DSL,50.39,1748.51,No
CUST00815,Male,0,40,Yes,DSL,53.79,2310.28,No
CUST00816,Male,0,3,Yes,DSL,65.64,173.98,No
CUST00817,Male,0,18,No,No,99.25,1931.3,No
CUST00818,Male,0,5,Yes,No,94.0,479.05,No
CUST00819,Male,0,5,No,DSL,66.07,287.74,No
CUST00820,Male,0,6,No,DSL,88.42,513.42,Yes
CUST00821,Female,0,4,Yes,DSL,73.15,332.5,No
CUST00822,Male,0,0,Yes,No,80.16,,Yes
CUST00823,Female,1,21,Yes,Fiber optic,49.32,1234.36,No
CUST00824,Female,0,5,No,Fiber optic,65.75,366.69,Yes
CUST00825,Female,0,52,Yes,DSL,82.25,4603.65,No
CUST00826,Male,0,11,No,Fiber optic,72.95,735.11,Yes
CUST00827,Male,0,57,No,DSL,92.33,5117.96,No
CUST00828,Female,0,37,Yes,DSL,35.36,1564.87,No
CUST00829,Male,0,9,Yes,No,92.03,823.17,Yes
CUST00830,Male,0,65,Yes,Fiber optic,61.68,4110.91,Yes
CUST00831,Female,0,61,No,No,58.68,2973.63,No
CUST00832,Male,1,26,Yes,Fiber optic,70.55,1766.97,No
CUST00833,Female,0,6,Yes,Fiber optic,99.32,,Yes
CUST00834,Male,1,9,Yes,DSL,101.7,945.7,No
CUST00835,Female,0,49,Yes,Fiber optic,20.25,1420.37,No
CUST00836,Female,1,59,Yes,No,74.28,4697.94,No
CUST00837,Female,0,30,Yes,Fiber optic,22.67,462.21,No
CUST00838,Female,0,10,No,Fiber optic,89.0,855.48,No
CUST00839,Male,0,9,No,DSL,100.95,985.3,Yes
CUST00840,Female,0,16,Yes,DSL,24.37,404.24,No
CUST00841,Male,1,7,Yes,DSL,64.07,474.5,Yes
CUST00842,Male,0,26,Yes,Fiber optic,69.76,1880.02,Yes
CUST00843,Female,0,59,No,Fiber optic,50.14,2831.37,No
CUST00844,Female,0,70,No,Fiber optic,57.81,4707.12,No
CUST00845,Female,0,66,Yes,Fiber optic,63.85,4374.96,Yes
CUST00846,Male,0,32,Yes,Fiber optic,67.2,1925.47,No
CUST00847,Female,0,47,No,No,50.14,2587.06,No
CUST00848,Male,0,19,No,Fiber optic,56.56,950.8,No
CUST00849,Female,0,5,Yes,No,68.96,345.01,No
CUST00850,Female,0,72,Yes,DSL,72.26,5891.06,No
CUST00851,Female,0,60,Yes,No,95.64,6258.82,No
CUST00852,Male,1,67,Yes,Fiber optic,34.92,2702.18,No
CUST00853,Female,0,0,No,No,88.23,,Yes
CUST00854,Female,0,58,Yes,Fiber optic,21.64,927.69,No
CUST00855,Male,0,7,No,Fiber optic,108.79,693.65,No
CUST00856,Male,0,29,No,DSL,99.15,,No
CUST00857,Male,1,12,Yes,No,25.99,307.84,No
CUST00858,Female,1,49,Yes,DSL,39.64,1616.05,No
CUST00859,Female,0,54,Yes,DSL,90.07,5399.25,No
CUST00860,Female,0,0,No,DSL,81.66,,No
CUST00861,Male,0,21,No,Fiber optic,44.08,847.79,No
CUST00862,Male,1,10,Yes,Fiber optic,93.92,914.47,Yes
CUST00863,Male,0,23,Yes,No,61.39,1234.1,No
CUST00864,Male,0,4,No,Fiber optic,73.52,268.49,No
CUST00865,Male,0,40,No,DSL,57.02,2355.21,No
CUST00866,Male,1,24,Yes,DSL,64.55,1777.42,No
CUST00867,Female,0,1,Yes,DSL,61.35,62.28,No
CUST00868,Female,0,1,No,No,67.09,61.5,No
CUST00869,Male,1,49,Yes,No,95.44,4929.23,Yes
CUST00870,Female,0,12,Yes,DSL,66.75,698.44,No
CUST00871,Male,0,3,Yes,DSL,105.93,,No
CUST00872,Female,0,18,Yes,Fiber optic,31.21,597.63,No
CUST00873,Female,1,15,No,No,23.56,407.83,No
CUST00874,Male,0,0,Yes,Fiber optic,94.85,,Yes
CUST00875,Female,0,22,No,Fiber optic,97.65,1942.18,No
CUST00876,Male,0,30,Yes,Fiber optic,21.36,529.56,No
CUST00877,Female,0,12,No,Fiber optic,86.84,1112.69,Yes
CUST00878,Female,0,61,No,DSL,75.21,4065.8,No
CUST00879,Female,0,12,No,Fiber optic,45.9,486.45,No
CUST00880,Male,1,4,No,Fiber optic,99.7,397.14,Yes
CUST00881,Male,0,42,No,DSL,97.87,3786.21,No
CUST00882,Female,0,6,No,No,97.72,599.34,Yes
CUST00883,Male,0,18,Yes,Fiber optic,23.31,549.25,No
CUST00884,Female,0,71,No,Fiber optic,59.77,3655.24,No
CUST00885,Male,0,13,Yes,Fiber optic,28.63,489.42,No
CUST00886,Male,0,39,Yes,DSL,87.35,3462.14,No
CUST00887,Male,0,23,No,DSL,71.42,1674.67,No
CUST00888,Male,0,10,Yes,DSL,60.64,592.77,No
CUST00889,Male,1,22,Yes,Fiber optic,74.5,1632.37,No
CUST00890,Male,0,5,No,DSL,60.53,294.92,No
CUST00891,Male,0,28,No,DSL,23.0,578.18,No
CUST00892,Female,0,51,No,DSL,79.27,3609.91,No
CUST00893,Male,0,54,Yes,Fiber optic,52.27,3294.88,No
CUST00894,Male,0,70,Yes,No,33.72,1723.72,No
CUST00895,Female,0,67,No,Fiber optic,71.28,5332.25,Yes
CUST00896,Male,0,7,No,DSL,89.97,645.87,Yes
CUST00897,Female,1,6,Yes,DSL,88.89,565.44,Yes
CUST00898,Male,0,43,Yes,DSL,33.73,1848.12,No
CUST00899,Female,0,54,Yes,Fiber optic,37.94,2111.06,Yes
CUST00900,Male,0,69,Yes,No,40.23,3105.62,No
CUST00901,Male,0,32,No,Fiber optic,37.05,1172.4,No
CUST00902,Female,0,12,No,No,62.67,652.38,No
CUST00903,Female,0,12,No,Fiber optic,60.51,694.94,Yes
CUST00904,Male,0,65,Yes,Fiber optic,24.63,1771.16,Yes
CUST00905,Male,0,64,Yes,DSL,41.87,3011.73,No
CUST00906,Male,0,0,No,DSL,70.5,,No
CUST00907,Female,1,7,No,Fiber optic,90.98,,No
CUST00908,Female,1,51,Yes,No,52.95,2367.26,No
CUST00909,Female,0,63,Yes,DSL,71.99,4880.91,No
CUST00910,Female,0,33,No,Fiber optic,80.5,2488.51,Yes
CUST00911,Female,0,0,No,DSL,82.02,,Yes
CUST00912,Male,0,43,Yes,No,80.35,3502.31,No
CUST00913,Female,0,9,No,DSL,94.1,871.31,No
CUST00914,Female,0,30,Yes,Fiber optic,61.68,1704.94,No
CUST00915,Female,1,42,Yes,DSL,26.41,929.54,No
CUST00916,Male,0,6,No,Fiber optic,108.65,652.18,Yes
CUST00917,Male,0,10,Yes,DSL,70.06,764.54,Yes
CUST00918,Female,0,12,Yes,No,85.33,,No
CUST00919,Male,1,12,Yes,Fiber optic,80.36,1071.3,No
CUST00920,Male,0,1,Yes,DSL,80.17,75.32,Yes
CUST00921,Female,0,11,Yes,Fiber optic,86.77,1018.55,Yes
CUST00922,Female,0,52,No,Fiber optic,81.37,4040.2,Yes
CUST00923,Female,0,5,Yes,Fiber optic,84.67,374.96,Yes
CUST00924,Male,0,8,No,DSL,86.54,734.76,Yes
CUST00925,Male,0,6,No,Fiber optic,89.28,498.59,Yes
CUST00926,Female,1,3,Yes,No,98.25,270.03,No
CUST00927,Female,0,12,No,DSL,39.76,430.31,No
CUST00928,Male,0,70,Yes,DSL,24.65,1673.0,No
CUST00929,Female,1,52,No,Fiber optic,59.52,2956.45,No
CUST00930,Female,0,47,Yes,DSL,31.39,1144.32,No
CUST00931,Female,0,9,No,DSL,98.44,913.62,No
CUST00932,Female,0,67,Yes,Fiber optic,75.07,,No
CUST00933,Female,0,2,Yes,DSL,63.74,108.51,No
CUST00934,Male,0,5,No,DSL,82.76,410.68,Yes
CUST00935,Male,0,26,Yes,Fiber optic,25.94,802.34,Yes
CUST00936,Male,1,8,Yes,DSL,64.93,473.22,Yes
CUST00937,Male,0,7,No,No,71.23,546.49,Yes
CUST00938,Male,0,36,No,Fiber optic,79.51,2552.82,Yes
CUST00939,Female,0,4,No,Fiber optic,85.26,,Yes
CUST00940,Female,0,57,Yes,Fiber optic,83.55,5210.14,No
CUST00941,Female,1,63,No,Fiber optic,32.61,1948.35,Yes
CUST00942,Female,0,1,No,DSL,76.78,71.45,Yes
CUST00943,Female,1,15,Yes,DSL,66.22,1046.39,No
CUST00944,Male,0,0,No,DSL,107.29,,No
CUST00945,Male,1,7,Yes,Fiber optic,88.77,669.73,No
CUST00946,Female,1,8,No,Fiber optic,100.85,848.15,No
CUST00947,Male,0,15,No,No,22.94,352.51,No
CUST00948,Female,0,49,Yes,DSL,98.42,4410.15,No
CUST00949,Male,1,30,No,DSL,81.62,2373.82,No
CUST00950,Female,0,54,No,DSL,33.55,1580.51,No
CUST00951,Male,0,5,Yes,DSL,78.81,404.03,Yes
CUST00952,Female,0,32,No,No,76.81,2671.18,No
CUST00953,Female,0,27,Yes,DSL,61.61,1736.39,No
CUST00954,Female,0,72,No,DSL,26.8,2466.81,No
CUST00955,Male,0,71,Yes,No,35.69,2605.21,No
CUST00956,Female,0,21,Yes,DSL,80.22,1479.16,No
CUST00957,Female,0,72,No,DSL,85.02,6678.71,No
CUST00958,Male,0,35,Yes,DSL,93.97,3374.09,No
CUST00959,Female,0,67,No,Fiber optic,93.96,6958.49,No
CUST00960,Male,0,5,Yes,No,67.31,297.83,No
CUST00961,Male,0,21,Yes,Fiber optic,34.74,564.12,No
CUST00962,Female,0,14,Yes,Fiber optic,72.75,1004.98,Yes
CUST00963,Male,0,7,No,DSL,108.89,772.11,Yes
CUST00964,Male,0,60,No,DSL,33.79,1508.62,No
CUST00965,Female,0,54,No,Fiber optic,95.2,4767.75,Yes
CUST00966,Female,0,6,No,No,109.63,675.42,Yes
CUST00967,Female,0,34,No,DSL,84.22,2600.63,No
CUST00968,Female,0,4,No,DSL,69.48,250.74,No
CUST00969,Male,0,30,No,Fiber optic,66.14,1832.13,No
CUST00970,Female,0,3,No,DSL,102.96,331.61,Yes
CUST00971,Female,0,53,Yes,No,80.62,4693.26,No
CUST00972,Female,0,5,Yes,Fiber optic,96.36,501.17,No
CUST00973,Male,0,12,No,Fiber optic,48.87,637.59,No
CUST00974,Male,0,18,No,No,46.41,853.89,No
CUST00975,Male,1,4,No,No,106.86,424.39,No
CUST00976,Female,0,8,Yes,DSL,69.03,514.97,No
CUST00977,Male,1,62,Yes,Fiber optic,57.24,4091.9,No
CUST00978,Male,0,15,Yes,No,76.86,1013.89,No
CUST00979,Male,0,4,Yes,DSL,64.69,,No
CUST00980,Male,0,61,Yes,Fiber optic,40.29,2860.27,No
CUST00981,Female,0,60,Yes,Fiber optic,59.43,3064.81,Yes
CUST00982,Female,0,10,Yes,Fiber optic,109.85,1003.29,Yes
CUST00983,Female,0,10,Yes,Fiber optic,78.7,695.66,Yes
CUST00984,Female,0,24,No,Fiber optic,81.08,2168.37,Yes
CUST00985,Male,0,3,Yes,DSL,98.29,324.04,No
CUST00986,Male,0,42,Yes,Fiber optic,28.78,951.53,No
CUST00987,Male,0,14,No,DSL,55.25,699.28,No
CUST00988,Male,0,6,No,DSL,107.9,661.23,No
CUST00989,Female,0,7,Yes,Fiber optic,64.34,465.94,No
CUST00990,Female,0,6,No,DSL,80.21,518.49,No
CUST00991,Male,0,42,No,Fiber optic,98.79,4290.6,Yes
CUST00992,Male,0,1,No,Fiber optic,75.25,67.71,Yes
CUST00993,Male,0,6,Yes,Fiber optic,100.55,570.22,Yes
CUST00994,Male,0,5,Yes,No,82.42,412.67,No
CUST00995,Male,0,64,Yes,Fiber optic,70.09,4153.15,No
CUST00996,Male,0,49,No,Fiber optic,85.11,4058.93,No
CUST00997,Female,1,51,No,DSL,45.3,2257.97,No
CUST00998,Female,0,30,No,DSL,27.56,798.62,No
CUST00999,Female,0,22,Yes,DSL,43.36,872.08,No
CUST01000,Female,0,6,No,Fiber optic,107.29,679.32,No
